{"cameraMode":{"drawMode":0,"name":"Shaded","section":"Shading Mode"},"sceneLighting":true,"audioPlay":false,"sceneViewState":{"showFog":true,"showMaterialUpdate":false,"showSkybox":true,"showFlares":true,"showImageEffects":true,"showParticleSystems":true},"in2DMode":false,"pivot":{"x":2.5472402572631838,"y":1.3956488370895386,"z":-3.062875270843506},"rotation":{"x":-0.012174375355243683,"y":0.9866306781768799,"z":-0.08785347640514374,"w":-0.1367233544588089},"size":-1.207395076751709,"orthographic":false}